{"data":{"m_def":"../upload/raw/sts.scheme.archive.yaml#/definitions/section_definitions/0","reader":"spm","nxdl":"NXsts","input_files":["config.json","Bias-Spectroscopy00015_20230420.dat"],"export":true,"default":"current_filter_grad","definition":"NXsts","experiment_technique":"STS","experiment_description":"<p>The experiment with</p>\n<p>Bias: -50mA<br />Setpoint: 25pA</p>","identifier_experiment":"Au_mica_2023_Y_A_diPAMY_154-211C_370C_1min_385C_30min_400C_1min_400C_30min_415_30min_430_30min_11min_30min_30min_20230416_20230420","identifier_collection":"Au_mica_2023_Y_A_diPAMY_154-211C_370C_1min_385C_30min_400C_1min_400C_30min_415_30min_430_30min_11min_30min_30min_20230419","User":{"name":"Yichen Jin","affiliation":["Rubel Mozumder","Dr. Cojal Gonzalez","Dr. Carlos-Andres Palma"],"email":["ycjin@physik.hu-berlin.de","rubel.mozumder@physik.hu-berlin.de","cojal@physik.hu-berlin.de","palma@physik.hu-berlin.de"]},"Instrument":{"hardware":{"name":"Nanonis","vendor":"Nanonis","model":"Generic5","model/@version":"5"},"software":{"vendor":"Nanonis","name":"Nanonis","model":"Generic5","model/@version":"5"},"lockin_amplifier":{"modulation_signal":"Current","flip_sign":-1},"Scan_environment":{"head_temperature":10}},"Sample":{"name":"diPAMY","description":"<div>Substrate:</div>\n<div>Two layers stack: Au-Mica</div>","Sample_component":{"name":"Au(Mica)","identifier_component":"Au(KAl3Si3O12H2)","description":"<div>Substrate:</div>\n<div>Two layers stack: Au-Mica</div>"}}}}