{"data":{"m_def":"../upload/raw/STS.scheme.archive.yaml#/definitions/section_definitions/0","reader":"spm","nxdl":"NXsts","input_files":["STS_nanonis_generic_5e_1.dat","config.json"],"nexus_view":"../upload/archive/CLVtdsg6_X8j4HbXmC4qDwVq7QlI#/data","default":"current_grad","definition":"NXsts","experiment_technique":"STS","experiment_description":"<p>A demo exmaple of STS experiment.</p>\n<pre class=\"western\">Bias: -50mA</pre>\n<pre class=\"western\">Setpoints: 25pA</pre>","identifier_experiment":"Au_mica_2023_Y_A_diPAMY_154-211C_370C_1min_385C_30min_400C_1min_400C_30min_415_30min_430_30min_11min_30min_30min_20230419_20230420","identifier_collection":"Au_mica_2023_Y_A_diPAMY_154-211C_370C_1min_385C_30min_400C_1min_400C_30min_415_30min_430_30min_11min_30min_30min_20230419_","user":{"name":"Dr. Carlos-Andres Palma","affiliation":["Dr. Cojal González","Dr. Carlos-Andres Palma"],"email":["cojal@physik.hu-berlin.de","palma@physik.hu-berlin.de"]},"Sample":{"name":"diPAMY","Sample_component_set":{"Sample_component":{"name":"Au(Mica)","chemical_formula":"Au(KAl3Si3O12H2)","description":"<pre class=\"western\">Substrate:</pre>\n<pre class=\"western\">two-layer stack: Au-Mica.</pre>"}},"History":{"Note":{"description":"<p>Demo history in plain text.</p>"}}}}}