{"data":{"m_def":"../upload/raw/afm.scheme.archive.yaml#/definitions/section_definitions/0","reader":"spm","nxdl":"NXafm","input_files":["config.json","A151216.123306-02602.sxm"],"nexus_view":"../upload/archive/mKlTLEGouVXwFOQxqNHo1NZH0hfQ#/data","default":"current_forward","definition":"NXafm","experiment_technique":"AFM","scan_mode":"tapping mode","experiment_description":"<p>An demo NeXus example for AFM.</p>","identifier_experiment":"D:\\\\\\\\Data\\\\\\\\123306\\\\A151216.123306-02602","identifier_collection":"\\\\\\Data\\\\\\\\123306","User":[{"name":"ubel Mozumder","affiliation":["Dr. Cojal González, José David","Dr. Carlos-Andres Palma"],"email":["cojal@physik.hu-berlin.de","palma@physik.hu-berlin.de","mozumder@physik.hu-berlin.de"]}],"Instrument":{"hardware":{"vendor":"Nanonis","name":"Nanonis","model":"Generic 4","model/@version":"4"},"software":{"vendor":"Nanonis","name":"Nanonis","model":"Generic 4","model/@version":"4"},"Scan_environment":{"head_temperature":10}},"Sample":{"name":"iPAMY","description":"<p>We used the diPAMY sample used in this demo example.</p>","Sample_component":{"name":"Au(Mica)","chemical_formula":" KAl₂(AlSi₃O₁₀)(OH)₂)","description":"<p>Gold on Mica.</p>"}}}}
