{"data":{"m_def":"../upload/raw/stm.scheme.archive.yaml#/definitions/section_definitions/0","reader":"spm","nxdl":"NXstm","input_files":["Au_mica_2023_Y_A_diPAMY_195.sxm","config.json"],"default":"current_forward","definition":"NXstm","experiment_technique":"STM","scan_mode":"constant current","experiment_description":"<div>Experiment with</div>\n<div>Bias: -50mV</div>\n<div>Setpoint: 25pA</div>","identifier_experiment":"D:\\\\Data\\\\20230428\\\\Au_mica_2023_Y_A_diPAMY_154-211C_370C_1min_385C_30min_400C_1min_400C_30min_415_30min_430_30min_11min_30min_30min_20230419_1min_0420_30min_0425_30min_195.sxm","identifier_collection":"D:\\\\Data\\\\20230428\\\\Au_mica_2023_Y_A_diPAMY_154-211C_370C_1min_385C_30min_400C_1min_400C_30min_415_30min_430_30min_11min_30min_30min_20230419","User":{"name":"Yichen Jin","affiliation":["Rubel Mozumder","Dr. Cojal González, José David","Dr. Carlos-Andres Palma"],"email":["ycjin@physik.hu-berlin.de","rubel.mozumder@physik.hu-berlin.de","cojal@physik.hu-berlin.de","palma@physik.hu-berlin.de"]},"Instrument":{"hardware":{"name":"Nanonis","vendor":"Nanonis","model":"Generic 4.5","model/@version":"4.5"},"software":{"name":"Nanonis","vendor":"Nanonis","model":"Generic 4.5","model/@version":"4.5"}},"Sample":{"name":"diPAMY","Sample_component":{"name":"Au(Mica)","identifier_component":"Au(KAl3Si3012H2)-Carlos-lab","chemical_formula":"Au(KAl3Si3012H2)","description":"<div>\n<div>Substrate:</div>\n<div>Stack of two layers: Au(111) on Mica</div>\n</div>"}}}}